TIME;ANGLE VELOCITY
0.000000;0.000169
10.000000;0.000163
20.000000;-0.042509
30.000000;-0.083741
40.000000;-0.081257
50.000000;-0.079297
60.000000;-0.077600
70.000000;-0.161370
80.000000;-0.156666
90.000000;-0.194894
100.000000;-0.231163
110.000000;-0.265341
120.000000;-0.296908
130.000000;-0.367876
140.000000;-0.390949
150.000000;-0.452115
160.000000;-0.463163
170.000000;-0.467283
180.000000;-0.505183
190.000000;-0.530528
200.000000;-0.584679
210.000000;-0.577721
220.000000;-0.594858
230.000000;-0.545652
240.000000;-0.471853
250.000000;-0.410896
260.000000;-0.315662
270.000000;-0.181178
280.000000;-0.002863
290.000000;0.224650
300.000000;0.464189
310.000000;0.851743
320.000000;1.219650
330.000000;1.663456
340.000000;2.232637
350.000000;2.848269
360.000000;3.562447
370.000000;4.382891
380.000000;5.318767
390.000000;6.378059
400.000000;7.570191
410.000000;8.903934
420.000000;10.389108
430.000000;11.992206
440.000000;13.767156
450.000000;15.765526
460.000000;17.909439
470.000000;20.295364
480.000000;22.803280
490.000000;25.614986
500.000000;28.565573
510.000000;31.837618
520.000000;35.264252
530.000000;38.985260
540.000000;42.961636
550.000000;47.159355
560.000000;51.669643
570.000000;56.410965
580.000000;61.433578
590.000000;66.739586
600.000000;72.376221
610.000000;78.215614
620.000000;84.391533
630.000000;90.901764
640.000000;97.661621
650.000000;104.713371
660.000000;112.057014
670.000000;119.689262
680.000000;127.565681
690.000000;135.724915
700.000000;144.205643
710.000000;152.957993
720.000000;161.932968
730.000000;171.168182
740.000000;180.655365
750.000000;190.386124
760.000000;200.394531
770.000000;210.583160
780.000000;220.987671
790.000000;231.553101
800.000000;242.356323
810.000000;253.383972
820.000000;264.493347
830.000000;275.805878
840.000000;287.263550
850.000000;298.811523
860.000000;310.524261
870.000000;322.301697
880.000000;334.218475
890.000000;346.217224
900.000000;358.243408
910.000000;370.328735
920.000000;382.461487
930.000000;394.671021
940.000000;406.902893
950.000000;419.059845
960.000000;431.304474
970.000000;443.453705
980.000000;455.669830
990.000000;467.812256
1000.000000;479.915985
1010.000000;491.973785
1020.000000;504.018097
1030.000000;515.912720
1040.000000;527.824707
1050.000000;539.572083
1060.000000;551.280762
1070.000000;562.900696
1080.000000;574.425720
1090.000000;585.809570
1100.000000;597.133789
1110.000000;608.350342
1120.000000;619.412598
1130.000000;630.405579
1140.000000;641.279846
1150.000000;651.994263
1160.000000;662.586304
1170.000000;673.100098
1180.000000;683.445740
1190.000000;693.709045
1200.000000;703.845154
1210.000000;713.810547
1220.000000;723.691101
1230.000000;733.400085
1240.000000;743.023071
1250.000000;752.432129
1260.000000;761.797546
1270.000000;770.991516
1280.000000;780.098145
1290.000000;789.031128
1300.000000;797.878479
1310.000000;806.598022
1320.000000;815.147888
1330.000000;823.611328
1340.000000;831.903442
1350.000000;840.151611
1360.000000;848.190063
1370.000000;856.185730
1380.000000;864.011414
1390.000000;871.668640
1400.000000;879.244873
1410.000000;886.739624
1420.000000;894.066589
1430.000000;901.356445
1440.000000;908.393250
1450.000000;915.352173
1460.000000;922.272827
1470.000000;928.986511
1480.000000;935.709839
1490.000000;942.185547
1500.000000;948.630615
1510.000000;954.917664
1520.000000;961.087524
1530.000000;967.185303
1540.000000;973.170471
1550.000000;979.043579
1560.000000;984.807129
1570.000000;990.461365
1580.000000;996.050903
1590.000000;1001.449463
1600.000000;1006.827332
1610.000000;1012.101990
1620.000000;1017.190979
1630.000000;1022.264526
1640.000000;1027.283203
1650.000000;1032.116455
1660.000000;1036.897583
1670.000000;1041.541748
1680.000000;1046.178101
1690.000000;1050.635498
1700.000000;1055.087158
1710.000000;1059.404297
1720.000000;1063.720703
1730.000000;1067.819824
1740.000000;1071.919189
1750.000000;1075.889404
1760.000000;1079.859253
1770.000000;1083.620361
1780.000000;1087.467041
1790.000000;1091.062134
1800.000000;1094.703491
1810.000000;1098.222778
1820.000000;1101.661865
1830.000000;1105.062744
1840.000000;1108.300781
1850.000000;1111.548340
1860.000000;1114.716431
1870.000000;1117.810669
1880.000000;1120.741821
1890.000000;1123.726440
1900.000000;1126.594360
1910.000000;1129.303223
1920.000000;1132.065308
1930.000000;1134.667603
1940.000000;1137.196899
1950.000000;1139.741089
1960.000000;1142.166626
1970.000000;1144.525757
1980.000000;1146.858643
1990.000000;1149.033325
2000.000000;1151.269409
2010.000000;1153.349731
2020.000000;1155.409302
2030.000000;1157.403564
2040.000000;1159.291626
2050.000000;1161.114624
2060.000000;1162.920410
2070.000000;1164.666138
2080.000000;1166.353760
2090.000000;1167.942505
2100.000000;1169.513672
2110.000000;1171.033936
2120.000000;1172.456299
2130.000000;1173.957275
2140.000000;1175.276978
2150.000000;1176.636230
2160.000000;1177.862427
2170.000000;1179.088623
2180.000000;1180.310913
2190.000000;1181.450684
2200.000000;1182.636353
2210.000000;1183.656006
2220.000000;1184.681641
2230.000000;1185.756592
2240.000000;1186.715454
2250.000000;1187.683472
2260.000000;1188.539795
2270.000000;1189.495239
2280.000000;1190.337280
2290.000000;1191.154663
2300.000000;1191.992676
2310.000000;1192.803467
2320.000000;1193.552612
2330.000000;1194.363770
2340.000000;1195.071899
2350.000000;1195.804565
2360.000000;1196.475220
2370.000000;1197.174194
2380.000000;1197.899170
2390.000000;1198.523560
2400.000000;1199.175171
2410.000000;1199.814575
2420.000000;1200.440186
2430.000000;1201.050781
2440.000000;1201.694580
2450.000000;1202.284180
2460.000000;1202.902466
2470.000000;1203.427734
2480.000000;1203.939819
2490.000000;1204.529175
2500.000000;1205.022095
2510.000000;1205.590576
2520.000000;1206.106079
2530.000000;1206.696045
2540.000000;1207.193115
2550.000000;1207.679443
2560.000000;1208.116089
2570.000000;1208.628540
2580.000000;1209.047119
2590.000000;1209.546143
2600.000000;1209.991699
2610.000000;1210.474365
2620.000000;1210.902710
2630.000000;1211.366943
2640.000000;1211.781372
2650.000000;1212.190674
2660.000000;1212.633911
2670.000000;1213.070435
2680.000000;1213.504639
2690.000000;1213.890259
2700.000000;1214.358276
2710.000000;1214.692383
2720.000000;1215.107910
2730.000000;1215.565674
2740.000000;1215.891602
2750.000000;1216.299805
2760.000000;1216.665527
2770.000000;1217.112793
2780.000000;1217.517334
2790.000000;1217.878052
2800.000000;1218.238037
2810.000000;1218.685547
2820.000000;1219.042480
2830.000000;1219.402100
2840.000000;1219.845947
2850.000000;1220.201904
2860.000000;1220.557129
2870.000000;1220.955322
2880.000000;1221.350220
2890.000000;1221.744019
2900.000000;1222.132935
2910.000000;1222.522339
2920.000000;1222.864868
2930.000000;1223.243774
2940.000000;1223.620728
2950.000000;1224.034668
2960.000000;1224.357788
2970.000000;1224.714844
2980.000000;1224.982788
2990.000000;1225.368774
